<?xml version='1.0' encoding='utf-8' ?>
<!DOCTYPE document SYSTEM "file:///D:/Xilinx/14.7/ISE_DS/ISE/xc9500xl/data/xmlReport9kxl.dtd">
<document><ascFile>LED_PWM.rpt</ascFile><devFile>D:/Xilinx/14.7/ISE_DS/ISE/xc9500xl/data/xc9572xl.chp</devFile><mfdFile>LED_PWM.mfd</mfdFile><htmlFile logic_legend="logiclegend.htm" logo="xc9500xl_logo.jpg" pin_legend="pinlegend.htm"/><header date=" 6-11-2020" design="LED_PWM" device="XC9572XL" eqnType="1" pkg="VQ64" speed="-5" status="1" statusStr="Successful" swVersion="P.20131013" time=" 10:42AM" version="1.0"/><inputs id="clk" userloc="P4"/><inputs id="Num0_SPECSIG" userloc="P20"/><inputs id="start" userloc="P13"/><inputs id="Num2_SPECSIG" userloc="P18"/><inputs id="Num1_SPECSIG" userloc="P19"/><pin id="FB1_MC2_PIN8" pinnum="8"/><pin id="FB1_MC3_PIN12" pinnum="12"/><pin id="FB1_MC4_PIN13" pinnum="13" signal="start" use="I"/><pin id="FB1_MC5_PIN9" pinnum="9"/><pin id="FB1_MC6_PIN10" pinnum="10"/><pin id="FB1_MC8_PIN11" pinnum="11"/><pin id="FB1_MC9_PIN15" pinnum="15"/><pin id="FB1_MC10_PIN18" pinnum="18" signal="Num2_SPECSIG" use="I"/><pin id="FB1_MC11_PIN16" pinnum="16"/><pin id="FB1_MC12_PIN23" pinnum="23"/><pin id="FB1_MC14_PIN17" pinnum="17"/><pin id="FB1_MC15_PIN19" pinnum="19" signal="Num1_SPECSIG" use="I"/><pin id="FB1_MC17_PIN20" pinnum="20" signal="Num0_SPECSIG" use="I"/><pin id="FB2_MC2_PIN60" pinnum="60" use="b_SPECSIG"/><pin id="FB2_MC3_PIN58" pinnum="58" use="b_SPECSIG"/><pin id="FB2_MC4_PIN59" pinnum="59"/><pin id="FB2_MC5_PIN61" pinnum="61" signal="LED" use="O"/><pin id="FB2_MC6_PIN62" pinnum="62"/><pin id="FB2_MC8_PIN63" pinnum="63"/><pin id="FB2_MC9_PIN64" pinnum="64"/><pin id="FB2_MC10_PIN1" pinnum="1"/><pin id="FB2_MC11_PIN2" pinnum="2"/><pin id="FB2_MC12_PIN4" pinnum="4" signal="clk" use="I"/><pin id="FB2_MC14_PIN5" pinnum="5" signal="enable" use="b_SPECSIG"/><pin id="FB2_MC15_PIN6" pinnum="6" signal="value0_SPECSIG" use="b_SPECSIG"/><pin id="FB2_MC17_PIN7" pinnum="7" signal="value1_SPECSIG" use="b_SPECSIG"/><pin id="FB3_MC2_PIN22" pinnum="22"/><pin id="FB3_MC3_PIN31" pinnum="31"/><pin id="FB3_MC4_PIN32" pinnum="32"/><pin id="FB3_MC5_PIN24" pinnum="24"/><pin id="FB3_MC6_PIN34" pinnum="34"/><pin id="FB3_MC8_PIN25" pinnum="25"/><pin id="FB3_MC9_PIN27" pinnum="27"/><pin id="FB3_MC10_PIN39" pinnum="39"/><pin id="FB3_MC11_PIN33" pinnum="33"/><pin id="FB3_MC12_PIN40" pinnum="40"/><pin id="FB3_MC14_PIN35" pinnum="35"/><pin id="FB3_MC15_PIN36" pinnum="36"/><pin id="FB3_MC16_PIN42" pinnum="42"/><pin id="FB3_MC17_PIN38" pinnum="38"/><pin id="FB4_MC2_PIN43" pinnum="43"/><pin id="FB4_MC3_PIN46" pinnum="46"/><pin id="FB4_MC4_PIN47" pinnum="47"/><pin id="FB4_MC5_PIN44" pinnum="44"/><pin id="FB4_MC6_PIN49" pinnum="49"/><pin id="FB4_MC8_PIN45" pinnum="45"/><pin id="FB4_MC10_PIN51" pinnum="51"/><pin id="FB4_MC11_PIN48" pinnum="48"/><pin id="FB4_MC12_PIN52" pinnum="52"/><pin id="FB4_MC14_PIN50" pinnum="50"/><pin id="FB4_MC15_PIN56" pinnum="56"/><pin id="FB4_MC17_PIN57" pinnum="57"/><fblock id="FB1" inputUse="0" pinUse="4"><macrocell id="FB1_MC1"/><macrocell id="FB1_MC2" pin="FB1_MC2_PIN8"/><macrocell id="FB1_MC3" pin="FB1_MC3_PIN12"/><macrocell id="FB1_MC4" pin="FB1_MC4_PIN13"/><macrocell id="FB1_MC5" pin="FB1_MC5_PIN9"/><macrocell id="FB1_MC6" pin="FB1_MC6_PIN10"/><macrocell id="FB1_MC7"/><macrocell id="FB1_MC8" pin="FB1_MC8_PIN11"/><macrocell id="FB1_MC9" pin="FB1_MC9_PIN15"/><macrocell id="FB1_MC10" pin="FB1_MC10_PIN18"/><macrocell id="FB1_MC11" pin="FB1_MC11_PIN16"/><macrocell id="FB1_MC12" pin="FB1_MC12_PIN23"/><macrocell id="FB1_MC13"/><macrocell id="FB1_MC14" pin="FB1_MC14_PIN17"/><macrocell id="FB1_MC15" pin="FB1_MC15_PIN19"/><macrocell id="FB1_MC16"/><macrocell id="FB1_MC17" pin="FB1_MC17_PIN20"/><macrocell id="FB1_MC18"/></fblock><fblock id="FB2" inputUse="10" pinUse="2"><macrocell id="FB2_MC1" sigUse="10" signal="L3present_state_FSM_FFd2_SPECSIG"><pterms pt1="FB2_1_1" pt2="FB2_1_2" pt3="FB2_1_3" pt4="FB2_1_4" pt5="FB2_1_5"/></macrocell><macrocell id="FB2_MC2" pin="FB2_MC2_PIN60"><pterms pt1="FB2_2_1" pt2="FB2_2_2" pt3="FB2_2_3" pt4="FB2_2_4" pt5="FB2_2_5"/></macrocell><macrocell id="FB2_MC3" pin="FB2_MC3_PIN58"><pterms pt1="FB2_3_1" pt2="FB2_3_2"/></macrocell><macrocell id="FB2_MC4" pin="FB2_MC4_PIN59"/><macrocell id="FB2_MC5" pin="FB2_MC5_PIN61" sigUse="2" signal="LED"><pterms pt1="FB2_5_1"/></macrocell><macrocell id="FB2_MC6" pin="FB2_MC6_PIN62"/><macrocell id="FB2_MC7"/><macrocell id="FB2_MC8" pin="FB2_MC8_PIN63"/><macrocell id="FB2_MC9" pin="FB2_MC9_PIN64"/><macrocell id="FB2_MC10" pin="FB2_MC10_PIN1"/><macrocell id="FB2_MC11" pin="FB2_MC11_PIN2"/><macrocell id="FB2_MC12" pin="FB2_MC12_PIN4"/><macrocell id="FB2_MC13"/><macrocell id="FB2_MC14" pin="FB2_MC14_PIN5" sigUse="4" signal="enable"><pterms pt1="FB2_14_1" pt2="FB2_14_2" pt3="FB2_14_3"/></macrocell><macrocell id="FB2_MC15" pin="FB2_MC15_PIN6" sigUse="6" signal="value0_SPECSIG"><pterms pt1="FB2_15_1" pt2="FB2_15_2" pt3="FB2_15_3" pt4="FB2_15_4"/></macrocell><macrocell id="FB2_MC16" sigUse="6" signal="value2_SPECSIG"><pterms pt1="FB2_16_1" pt2="FB2_16_2" pt3="FB2_16_3" pt4="FB2_16_4" pt5="FB2_16_5"/></macrocell><macrocell id="FB2_MC17" pin="FB2_MC17_PIN7" sigUse="6" signal="value1_SPECSIG"><pterms pt1="FB2_17_1" pt2="FB2_17_2" pt3="FB2_17_3" pt4="FB2_17_4" pt5="FB2_17_5"/></macrocell><macrocell id="FB2_MC18"><pterms pt1="FB2_18_1" pt2="FB2_18_2" pt3="FB2_18_3" pt4="FB2_18_4" pt5="FB2_18_5"/></macrocell><fbinput id="FB2_I1" signal="L3present_state_FSM_FFd2_SPECSIG"/><fbinput id="FB2_I2" signal="Num0_SPECSIG"/><fbinput id="FB2_I3" signal="Num1_SPECSIG"/><fbinput id="FB2_I4" signal="Num2_SPECSIG"/><fbinput id="FB2_I5" signal="clk"/><fbinput id="FB2_I6" signal="enable"/><fbinput id="FB2_I7" signal="start"/><fbinput id="FB2_I8" signal="value0_SPECSIG"/><fbinput id="FB2_I9" signal="value1_SPECSIG"/><fbinput id="FB2_I10" signal="value2_SPECSIG"/><pterm id="FB2_1_1"><signal id="start" negated="ON"/><signal id="enable"/></pterm><pterm id="FB2_1_2"><signal id="start" negated="ON"/><signal id="L3present_state_FSM_FFd2_SPECSIG" negated="ON"/></pterm><pterm id="FB2_1_3"><signal id="value2_SPECSIG" negated="ON"/><signal id="enable"/><signal id="Num2_SPECSIG"/></pterm><pterm id="FB2_1_4"><signal id="value2_SPECSIG" negated="ON"/><signal id="L3present_state_FSM_FFd2_SPECSIG"/><signal id="Num2_SPECSIG"/></pterm><pterm id="FB2_1_5"><signal id="clk"/></pterm><pterm id="FB2_2_1"><signal id="value0_SPECSIG" negated="ON"/><signal id="value1_SPECSIG" negated="ON"/><signal id="value2_SPECSIG" negated="ON"/><signal id="Num0_SPECSIG"/><signal id="enable"/></pterm><pterm id="FB2_2_2"><signal id="value0_SPECSIG" negated="ON"/><signal id="value1_SPECSIG" negated="ON"/><signal id="Num0_SPECSIG"/><signal id="enable"/><signal id="Num2_SPECSIG"/></pterm><pterm id="FB2_2_3"><signal id="value0_SPECSIG" negated="ON"/><signal id="value1_SPECSIG" negated="ON"/><signal id="Num0_SPECSIG"/><signal id="L3present_state_FSM_FFd2_SPECSIG"/><signal id="Num2_SPECSIG"/></pterm><pterm id="FB2_2_4"><signal id="value0_SPECSIG" negated="ON"/><signal id="value2_SPECSIG" negated="ON"/><signal id="Num0_SPECSIG"/><signal id="enable"/><signal id="Num1_SPECSIG"/></pterm><pterm id="FB2_2_5"><signal id="value0_SPECSIG" negated="ON"/><signal id="Num0_SPECSIG"/><signal id="L3present_state_FSM_FFd2_SPECSIG"/><signal id="Num2_SPECSIG"/><signal id="Num1_SPECSIG"/></pterm><pterm id="FB2_3_1"><signal id="value0_SPECSIG" negated="ON"/><signal id="value1_SPECSIG" negated="ON"/><signal id="value2_SPECSIG" negated="ON"/><signal id="Num0_SPECSIG"/><signal id="L3present_state_FSM_FFd2_SPECSIG"/></pterm><pterm id="FB2_3_2"><signal id="value0_SPECSIG" negated="ON"/><signal id="value2_SPECSIG" negated="ON"/><signal id="Num0_SPECSIG"/><signal id="L3present_state_FSM_FFd2_SPECSIG"/><signal id="Num1_SPECSIG"/></pterm><pterm id="FB2_5_1"><signal id="enable"/><signal id="L3present_state_FSM_FFd2_SPECSIG" negated="ON"/></pterm><pterm id="FB2_14_1"><signal id="start"/><signal id="enable"/></pterm><pterm id="FB2_14_2"><signal id="enable" negated="ON"/><signal id="L3present_state_FSM_FFd2_SPECSIG"/></pterm><pterm id="FB2_14_3"><signal id="clk"/></pterm><pterm id="FB2_15_1"><signal id="value0_SPECSIG" negated="ON"/><signal id="value1_SPECSIG"/><signal id="value2_SPECSIG"/></pterm><pterm id="FB2_15_2"><signal id="enable" negated="ON"/><signal id="L3present_state_FSM_FFd2_SPECSIG"/></pterm><pterm id="FB2_15_3"><signal id="clk"/></pterm><pterm id="FB2_15_4"><signal id="enable"/></pterm><pterm id="FB2_16_1"><signal id="value1_SPECSIG" negated="ON"/><signal id="value2_SPECSIG"/></pterm><pterm id="FB2_16_2"><signal id="value0_SPECSIG"/><signal id="value1_SPECSIG"/><signal id="value2_SPECSIG" negated="ON"/></pterm><pterm id="FB2_16_3"><signal id="enable" negated="ON"/><signal id="L3present_state_FSM_FFd2_SPECSIG"/></pterm><pterm id="FB2_16_4"><signal id="clk"/></pterm><pterm id="FB2_16_5"><signal id="enable"/></pterm><pterm id="FB2_17_1"><signal id="value0_SPECSIG"/><signal id="value1_SPECSIG" negated="ON"/></pterm><pterm id="FB2_17_2"><signal id="value0_SPECSIG" negated="ON"/><signal id="value1_SPECSIG"/><signal id="value2_SPECSIG" negated="ON"/></pterm><pterm id="FB2_17_3"><signal id="enable" negated="ON"/><signal id="L3present_state_FSM_FFd2_SPECSIG"/></pterm><pterm id="FB2_17_4"><signal id="clk"/></pterm><pterm id="FB2_17_5"><signal id="enable"/></pterm><pterm id="FB2_18_1"><signal id="value1_SPECSIG" negated="ON"/><signal id="value2_SPECSIG" negated="ON"/><signal id="enable"/><signal id="Num1_SPECSIG"/></pterm><pterm id="FB2_18_2"><signal id="value1_SPECSIG" negated="ON"/><signal id="value2_SPECSIG" negated="ON"/><signal id="L3present_state_FSM_FFd2_SPECSIG"/><signal id="Num1_SPECSIG"/></pterm><pterm id="FB2_18_3"><signal id="value1_SPECSIG" negated="ON"/><signal id="enable"/><signal id="Num2_SPECSIG"/><signal id="Num1_SPECSIG"/></pterm><pterm id="FB2_18_4"><signal id="value1_SPECSIG" negated="ON"/><signal id="L3present_state_FSM_FFd2_SPECSIG"/><signal id="Num2_SPECSIG"/><signal id="Num1_SPECSIG"/></pterm><pterm id="FB2_18_5"><signal id="value0_SPECSIG" negated="ON"/><signal id="Num0_SPECSIG"/><signal id="enable"/><signal id="Num2_SPECSIG"/><signal id="Num1_SPECSIG"/></pterm><equation id="L3present_state_FSM_FFd2_SPECSIG" negated="ON" regUse="D"><d2><eq_pterm ptindx="FB2_1_1"/><eq_pterm ptindx="FB2_1_2"/><eq_pterm ptindx="FB2_1_3"/><eq_pterm ptindx="FB2_1_4"/><eq_pterm import="1" ptindx="FB2_2_1"/><eq_pterm import="1" ptindx="FB2_2_2"/><eq_pterm import="1" ptindx="FB2_2_3"/><eq_pterm import="1" ptindx="FB2_2_4"/><eq_pterm import="1" ptindx="FB2_2_5"/><eq_pterm import="1" ptindx="FB2_3_1"/><eq_pterm import="1" ptindx="FB2_3_2"/><eq_pterm import="1" ptindx="FB2_18_1"/><eq_pterm import="1" ptindx="FB2_18_2"/><eq_pterm import="1" ptindx="FB2_18_3"/><eq_pterm import="1" ptindx="FB2_18_4"/><eq_pterm import="1" ptindx="FB2_18_5"/></d2><clk><eq_pterm ptindx="FB2_1_5"/></clk><prld ptindx="GND"/></equation><equation id="LED" userloc="P61"><d2><eq_pterm ptindx="FB2_5_1"/></d2></equation><equation id="enable" regUse="D"><d2><eq_pterm ptindx="FB2_14_1"/><eq_pterm ptindx="FB2_14_2"/></d2><clk><eq_pterm ptindx="FB2_14_3"/></clk><prld ptindx="GND"/></equation><equation id="value0_SPECSIG" negated="ON" regUse="T"><d2><eq_pterm ptindx="FB2_15_1"/></d2><clk><eq_pterm ptindx="FB2_15_3"/></clk><reset><eq_pterm ptindx="FB2_15_2"/></reset><ce><eq_pterm ptindx="FB2_15_4"/></ce><prld ptindx="GND"/></equation><equation id="value2_SPECSIG" regUse="D"><d2><eq_pterm ptindx="FB2_16_1"/><eq_pterm ptindx="FB2_16_2"/></d2><clk><eq_pterm ptindx="FB2_16_4"/></clk><reset><eq_pterm ptindx="FB2_16_3"/></reset><ce><eq_pterm ptindx="FB2_16_5"/></ce><prld ptindx="GND"/></equation><equation id="value1_SPECSIG" regUse="D"><d2><eq_pterm ptindx="FB2_17_1"/><eq_pterm ptindx="FB2_17_2"/></d2><clk><eq_pterm ptindx="FB2_17_4"/></clk><reset><eq_pterm ptindx="FB2_17_3"/></reset><ce><eq_pterm ptindx="FB2_17_5"/></ce><prld ptindx="GND"/></equation></fblock><fblock id="FB3" inputUse="0" pinUse="0"><macrocell id="FB3_MC1"/><macrocell id="FB3_MC2" pin="FB3_MC2_PIN22"/><macrocell id="FB3_MC3" pin="FB3_MC3_PIN31"/><macrocell id="FB3_MC4" pin="FB3_MC4_PIN32"/><macrocell id="FB3_MC5" pin="FB3_MC5_PIN24"/><macrocell id="FB3_MC6" pin="FB3_MC6_PIN34"/><macrocell id="FB3_MC7"/><macrocell id="FB3_MC8" pin="FB3_MC8_PIN25"/><macrocell id="FB3_MC9" pin="FB3_MC9_PIN27"/><macrocell id="FB3_MC10" pin="FB3_MC10_PIN39"/><macrocell id="FB3_MC11" pin="FB3_MC11_PIN33"/><macrocell id="FB3_MC12" pin="FB3_MC12_PIN40"/><macrocell id="FB3_MC13"/><macrocell id="FB3_MC14" pin="FB3_MC14_PIN35"/><macrocell id="FB3_MC15" pin="FB3_MC15_PIN36"/><macrocell id="FB3_MC16" pin="FB3_MC16_PIN42"/><macrocell id="FB3_MC17" pin="FB3_MC17_PIN38"/><macrocell id="FB3_MC18"/></fblock><fblock id="FB4" inputUse="0" pinUse="0"><macrocell id="FB4_MC1"/><macrocell id="FB4_MC2" pin="FB4_MC2_PIN43"/><macrocell id="FB4_MC3" pin="FB4_MC3_PIN46"/><macrocell id="FB4_MC4" pin="FB4_MC4_PIN47"/><macrocell id="FB4_MC5" pin="FB4_MC5_PIN44"/><macrocell id="FB4_MC6" pin="FB4_MC6_PIN49"/><macrocell id="FB4_MC7"/><macrocell id="FB4_MC8" pin="FB4_MC8_PIN45"/><macrocell id="FB4_MC9"/><macrocell id="FB4_MC10" pin="FB4_MC10_PIN51"/><macrocell id="FB4_MC11" pin="FB4_MC11_PIN48"/><macrocell id="FB4_MC12" pin="FB4_MC12_PIN52"/><macrocell id="FB4_MC13"/><macrocell id="FB4_MC14" pin="FB4_MC14_PIN50"/><macrocell id="FB4_MC15" pin="FB4_MC15_PIN56"/><macrocell id="FB4_MC16"/><macrocell id="FB4_MC17" pin="FB4_MC17_PIN57"/><macrocell id="FB4_MC18"/></fblock><vcc/><gnd/><messages><warning>Cpld - Unable to retrieve the path to the iSE Project Repository. Will   use the default filename of 'LED_PWM.ise'.</warning></messages><compOpts exhaust="OFF" gclkopt="ON" gsropt="ON" gtsopt="ON" ignorets="OFF" inputs="54" keepio="OFF" loc="ON" mlopt="ON" optimize="SPEED" part="xc9572xl-5-VQ64" power="STD" prld="LOW" pterms="25" slew="FAST" terminate="KEEPER" unused="OFF" wysiwyg="OFF"/><specSig signal="Num0_SPECSIG" value="Num&lt;0&gt;"/><specSig signal="Num2_SPECSIG" value="Num&lt;2&gt;"/><specSig signal="Num1_SPECSIG" value="Num&lt;1&gt;"/><specSig signal="b_SPECSIG" value="(b)"/><specSig signal="value0_SPECSIG" value="value&lt;0&gt;"/><specSig signal="value1_SPECSIG" value="value&lt;1&gt;"/><specSig signal="L3present_state_FSM_FFd2_SPECSIG" value="L3/present_state_FSM_FFd2"/><specSig signal="value2_SPECSIG" value="value&lt;2&gt;"/></document>
