<?xml version="1.0" encoding="UTF-8" ?>
<document>
<!--The data in this file is primarily intended for consumption by Xilinx tools.
The structure and the elements are likely to change over the next few releases.
This means code written to parse this file will need to be revisited each subsequent release.-->
<application name="impact" timeStamp="Tue Jan 12 00:02:07 2021">
<section name="Project Information" visible="false">
<property name="ProjectID" value="b23a986fb69e4af48d5f3ad7fa6b87d8"/>
<property name="ProjectIteration" value="1"/>
</section>
<section name="iMPACT Project Info" visible="true">
<property name="Use Project File" value="Yes"/>
<property name="Project Entry" value="ise"/>
<property name="OS Name" value="Microsoft Windows NT"/>
<property name="User Lic. Info" value="__0_0_0"/>
</section>
<section name="iMPACT One Step SVF File Mode" visible="true">
<item name="Chain Summary">
<property name="Number of device" value="1"/>
<property name="Number of Xilinx device" value="1"/>
<property name="Number of Non-Xilinx device" value="0"/>
</item>
<item name="Chain Description">
<property name="Device1" value="spartan6"/>
<property name="Part1" value="xc6slx9"/>
<property name="Device1" value="SPI FLASH"/>
<property name="Part1" value="M25P80"/>
<property name="Data Width" value="x1"/>
</item>
<item name="Boundary Scan Operations Statistics">
<property name="BSCAN Operation" value="Program -p 0 -dataWidth 1 -spionly -e -v -loadfpga
"/>
</item>
<item name="Cable Summary">
<property name="Cable Type" value="fpga"/>
<property name="Cable Speed" value="10000000"/>
<property name="Port" value="Plugin Cable"/>
<property name="Local_Server_Mode" value="Local"/>
</item>
</section>
<section name="iMPACT SPI FLASH File Generation Mode" visible="true">
<item name="FLASH File Summary">
<property name="Number of FLASH" value="1"/>
<property name="FLASH Data Width" value="8"/>
<property name="FLASH" value="1"/>
<property name="FLASH Size" value="1M Byte"/>
</item>
<item name="Revision_Data File Summary">
<property name="Number of Revision" value="1"/>
<property name="Number of Data File" value="0"/>
</item>
<item name="Revision 1">
<property name="Number of device" value="1"/>
<property name="Device1" value="spartan6"/>
<property name="Part1" value="xc6slx9"/>
</item>
</section>
</application>
</document>
